model,preprocessing,MAE_pp,RMSE_pp,R2,max_abs_err_pp
CNN,snv+sg1,1.2951246566723393,1.660611632821606,0.9967768259871962,6.138887341373632
RF,snv+sg1,1.651512719577317,2.045501173775523,0.9951095697723493,6.712918116092723
SVR,snv+sg1,1.9504971334805017,2.7558352662593926,0.9911232475636107,12.920939530442084
PLS,snv+sg1,1.9719181900465759,2.4994046757320065,0.9926983542795045,8.755278250866631
PLS,snv,2.1195456625468663,2.669357359763449,0.9916716102953836,10.67976849852446
PCR,snv+sg1,2.41478942360245,3.036964271447316,0.989219796321264,8.796120194146834
PLS,none,3.3774064893399594,4.458154988073601,0.9767695337509599,14.689262174473
PLS,sg1,3.4939298590010948,4.55007109155859,0.9758017496488596,14.124259351435342
MLP,snv+sg1,13.407099118443249,17.361778941615125,0.6476810154159323,58.10083016278155
